HWT,CWT,WBT,LG,ALT,KaVL
40.00,28.00,20.00,1.000,0.0,1.23049
40.03,28.02,20.00,1.001,0.0,1.22808
40.06,28.04,20.00,1.002,0.0,1.22567
40.09,28.06,20.00,1.003,0.0,1.22327
40.12,28.08,20.00,1.004,0.0,1.22089
40.15,28.10,20.00,1.005,0.0,1.21851
40.18,28.12,20.00,1.006,0.0,1.21614
40.21,28.14,20.00,1.007,0.0,1.21378
40.24,28.16,20.00,1.008,0.0,1.21143
40.27,28.18,20.00,1.009,0.0,1.20909
40.30,28.20,20.00,1.010,0.0,1.20675
40.33,28.22,20.00,1.011,0.0,1.20443
40.36,28.24,20.00,1.012,0.0,1.20211
40.39,28.26,20.00,1.013,0.0,1.1998
40.42,28.28,20.00,1.014,0.0,1.1975
40.45,28.30,20.00,1.015,0.0,1.19521
40.48,28.32,20.00,1.016,0.0,1.19293
40.51,28.34,20.00,1.017,0.0,1.19066
40.54,28.36,20.00,1.018,0.0,1.18839
40.57,28.38,20.00,1.019,0.0,1.18614
40.60,28.40,20.00,1.020,0.0,1.18389
40.63,28.42,20.00,1.021,0.0,1.18165
40.66,28.44,20.00,1.022,0.0,1.17941
40.69,28.46,20.00,1.023,0.0,1.17719
40.72,28.48,20.00,1.024,0.0,1.17497
40.75,28.50,20.00,1.025,0.0,1.17277
40.78,28.52,20.00,1.026,0.0,1.17056
40.81,28.54,20.00,1.027,0.0,1.16837
40.84,28.56,20.00,1.028,0.0,1.16619
40.87,28.58,20.00,1.029,0.0,1.16401
40.90,28.60,20.00,1.030,0.0,1.16184
40.93,28.62,20.00,1.031,0.0,1.15968
40.96,28.64,20.00,1.032,0.0,1.15753
40.99,28.66,20.00,1.033,0.0,1.15538
41.02,28.68,20.00,1.034,0.0,1.15324
41.05,28.70,20.00,1.035,0.0,1.15111
41.08,28.72,20.00,1.036,0.0,1.14899
41.11,28.74,20.00,1.037,0.0,1.14687
41.14,28.76,20.00,1.038,0.0,1.14476
41.17,28.78,20.00,1.039,0.0,1.14266
41.20,28.80,20.00,1.040,0.0,1.14056
41.23,28.82,20.00,1.041,0.0,1.13848
41.26,28.84,20.00,1.042,0.0,1.1364
41.29,28.86,20.00,1.043,0.0,1.13433
41.32,28.88,20.00,1.044,0.0,1.13226
41.35,28.90,20.00,1.045,0.0,1.1302
41.38,28.92,20.00,1.046,0.0,1.12815
41.41,28.94,20.00,1.047,0.0,1.12611
41.44,28.96,20.00,1.048,0.0,1.12407
41.47,28.98,20.00,1.049,0.0,1.12204
41.50,29.00,20.00,1.050,0.0,1.12001
41.53,29.02,20.00,1.051,0.0,1.118
41.56,29.04,20.00,1.052,0.0,1.11599
41.59,29.06,20.00,1.053,0.0,1.11398
41.62,29.08,20.00,1.054,0.0,1.11199
41.65,29.10,20.00,1.055,0.0,1.11
41.68,29.12,20.00,1.056,0.0,1.10801
41.71,29.14,20.00,1.057,0.0,1.10604
41.74,29.16,20.00,1.058,0.0,1.10407
41.77,29.18,20.00,1.059,0.0,1.1021
41.80,29.20,20.00,1.060,0.0,1.10014
41.83,29.22,20.00,1.061,0.0,1.09819
41.86,29.24,20.00,1.062,0.0,1.09625
41.89,29.26,20.00,1.063,0.0,1.09431
41.92,29.28,20.00,1.064,0.0,1.09238
41.95,29.30,20.00,1.065,0.0,1.09045
41.98,29.32,20.00,1.066,0.0,1.08854
42.01,29.34,20.00,1.067,0.0,1.08662
42.04,29.36,20.00,1.068,0.0,1.08472
42.07,29.38,20.00,1.069,0.0,1.08282
42.10,29.40,20.00,1.070,0.0,1.08092
42.13,29.42,20.00,1.071,0.0,1.07903
42.16,29.44,20.00,1.072,0.0,1.07715
42.19,29.46,20.00,1.073,0.0,1.07528
42.22,29.48,20.00,1.074,0.0,1.07341
42.25,29.50,20.00,1.075,0.0,1.07154
42.28,29.52,20.00,1.076,0.0,1.06968
42.31,29.54,20.00,1.077,0.0,1.06783
42.34,29.56,20.00,1.078,0.0,1.06598
42.37,29.58,20.00,1.079,0.0,1.06414
42.40,29.60,20.00,1.080,0.0,1.06231
42.43,29.62,20.00,1.081,0.0,1.06048
42.46,29.64,20.00,1.082,0.0,1.05866
42.49,29.66,20.00,1.083,0.0,1.05684
42.52,29.68,20.00,1.084,0.0,1.05503
42.55,29.70,20.00,1.085,0.0,1.05322
42.58,29.72,20.00,1.086,0.0,1.05142
42.61,29.74,20.00,1.087,0.0,1.04962
42.64,29.76,20.00,1.088,0.0,1.04783
42.67,29.78,20.00,1.089,0.0,1.04605
42.70,29.80,20.00,1.090,0.0,1.04427
42.73,29.82,20.00,1.091,0.0,1.0425
42.76,29.84,20.00,1.092,0.0,1.04073
42.79,29.86,20.00,1.093,0.0,1.03897
42.82,29.88,20.00,1.094,0.0,1.03721
42.85,29.90,20.00,1.095,0.0,1.03546
42.88,29.92,20.00,1.096,0.0,1.03371
42.91,29.94,20.00,1.097,0.0,1.03197
42.94,29.96,20.00,1.098,0.0,1.03024
42.97,29.98,20.00,1.099,0.0,1.02851
43.00,30.00,20.00,1.100,0.0,1.02678
43.03,30.02,20.00,1.101,0.0,1.02506
43.06,30.04,20.00,1.102,0.0,1.02335
43.09,30.06,20.00,1.103,0.0,1.02164
43.12,30.08,20.00,1.104,0.0,1.01993
43.15,30.10,20.00,1.105,0.0,1.01823
43.18,30.12,20.00,1.106,0.0,1.01654
43.21,30.14,20.00,1.107,0.0,1.01485
43.24,30.16,20.00,1.108,0.0,1.01316
43.27,30.18,20.00,1.109,0.0,1.01148
43.30,30.20,20.00,1.110,0.0,1.00981
43.33,30.22,20.00,1.111,0.0,1.00814
43.36,30.24,20.00,1.112,0.0,1.00648
43.39,30.26,20.00,1.113,0.0,1.00482
43.42,30.28,20.00,1.114,0.0,1.00316
43.45,30.30,20.00,1.115,0.0,1.00151
43.48,30.32,20.00,1.116,0.0,0.99986
43.51,30.34,20.00,1.117,0.0,0.99822
43.54,30.36,20.00,1.118,0.0,0.99659
43.57,30.38,20.00,1.119,0.0,0.99496
43.60,30.40,20.00,1.120,0.0,0.99333
43.63,30.42,20.00,1.121,0.0,0.99171
43.66,30.44,20.00,1.122,0.0,0.99009
43.69,30.46,20.00,1.123,0.0,0.98848
43.72,30.48,20.00,1.124,0.0,0.98687
43.75,30.50,20.00,1.125,0.0,0.98527
43.78,30.52,20.00,1.126,0.0,0.98367
43.81,30.54,20.00,1.127,0.0,0.98207
43.84,30.56,20.00,1.128,0.0,0.98048
43.87,30.58,20.00,1.129,0.0,0.9789
43.90,30.60,20.00,1.130,0.0,0.97732
43.93,30.62,20.00,1.131,0.0,0.97574
43.96,30.64,20.00,1.132,0.0,0.97417
43.99,30.66,20.00,1.133,0.0,0.9726
44.02,30.68,20.00,1.134,0.0,0.97104
44.05,30.70,20.00,1.135,0.0,0.96948
44.08,30.72,20.00,1.136,0.0,0.96793
44.11,30.74,20.00,1.137,0.0,0.96638
44.14,30.76,20.00,1.138,0.0,0.96483
44.17,30.78,20.00,1.139,0.0,0.96329
44.20,30.80,20.00,1.140,0.0,0.96175
44.23,30.82,20.00,1.141,0.0,0.96022
44.26,30.84,20.00,1.142,0.0,0.95869
44.29,30.86,20.00,1.143,0.0,0.95716
44.32,30.88,20.00,1.144,0.0,0.95564
44.35,30.90,20.00,1.145,0.0,0.95413
44.38,30.92,20.00,1.146,0.0,0.95262
44.41,30.94,20.00,1.147,0.0,0.95111
44.44,30.96,20.00,1.148,0.0,0.9496
44.47,30.98,20.00,1.149,0.0,0.9481
44.50,31.00,20.00,1.150,0.0,0.94661
44.53,31.02,20.00,1.151,0.0,0.94512
44.56,31.04,20.00,1.152,0.0,0.94363
44.59,31.06,20.00,1.153,0.0,0.94214
44.62,31.08,20.00,1.154,0.0,0.94066
44.65,31.10,20.00,1.155,0.0,0.93919
44.68,31.12,20.00,1.156,0.0,0.93772
44.71,31.14,20.00,1.157,0.0,0.93625
44.74,31.16,20.00,1.158,0.0,0.93479
44.77,31.18,20.00,1.159,0.0,0.93333
44.80,31.20,20.00,1.160,0.0,0.93187
44.83,31.22,20.00,1.161,0.0,0.93042
44.86,31.24,20.00,1.162,0.0,0.92897
44.89,31.26,20.00,1.163,0.0,0.92752
44.92,31.28,20.00,1.164,0.0,0.92608
44.95,31.30,20.00,1.165,0.0,0.92464
44.98,31.32,20.00,1.166,0.0,0.92321
45.01,31.34,20.00,1.167,0.0,0.92178
45.04,31.36,20.00,1.168,0.0,0.92036
45.07,31.38,20.00,1.169,0.0,0.91893
45.10,31.40,20.00,1.170,0.0,0.91752
45.13,31.42,20.00,1.171,0.0,0.9161
45.16,31.44,20.00,1.172,0.0,0.91469
45.19,31.46,20.00,1.173,0.0,0.91328
45.22,31.48,20.00,1.174,0.0,0.91188
45.25,31.50,20.00,1.175,0.0,0.91048
45.28,31.52,20.00,1.176,0.0,0.90908
45.31,31.54,20.00,1.177,0.0,0.90769
45.34,31.56,20.00,1.178,0.0,0.9063
45.37,31.58,20.00,1.179,0.0,0.90491
45.40,31.60,20.00,1.180,0.0,0.90353
45.43,31.62,20.00,1.181,0.0,0.90215
45.46,31.64,20.00,1.182,0.0,0.90078
45.49,31.66,20.00,1.183,0.0,0.8994
45.52,31.68,20.00,1.184,0.0,0.89803
45.55,31.70,20.00,1.185,0.0,0.89667
45.58,31.72,20.00,1.186,0.0,0.89531
45.61,31.74,20.00,1.187,0.0,0.89395
45.64,31.76,20.00,1.188,0.0,0.89259
45.67,31.78,20.00,1.189,0.0,0.89124
45.70,31.80,20.00,1.190,0.0,0.8899
45.73,31.82,20.00,1.191,0.0,0.88855
45.76,31.84,20.00,1.192,0.0,0.88721
45.79,31.86,20.00,1.193,0.0,0.88587
45.82,31.88,20.00,1.194,0.0,0.88454
45.85,31.90,20.00,1.195,0.0,0.88321
45.88,31.92,20.00,1.196,0.0,0.88188
45.91,31.94,20.00,1.197,0.0,0.88055
45.94,31.96,20.00,1.198,0.0,0.87923
45.97,31.98,20.00,1.199,0.0,0.87791
46.00,32.00,20.00,1.200,0.0,0.8766
46.03,32.02,20.00,1.201,0.0,0.87529
46.06,32.04,20.00,1.202,0.0,0.87398
46.09,32.06,20.00,1.203,0.0,0.87267
46.12,32.08,20.00,1.204,0.0,0.87137
46.15,32.10,20.00,1.205,0.0,0.87007
46.18,32.12,20.00,1.206,0.0,0.86878
46.21,32.14,20.00,1.207,0.0,0.86748
46.24,32.16,20.00,1.208,0.0,0.86619
46.27,32.18,20.00,1.209,0.0,0.86491
46.30,32.20,20.00,1.210,0.0,0.86362
46.33,32.22,20.00,1.211,0.0,0.86234
46.36,32.24,20.00,1.212,0.0,0.86107
46.39,32.26,20.00,1.213,0.0,0.85979
46.42,32.28,20.00,1.214,0.0,0.85852
46.45,32.30,20.00,1.215,0.0,0.85725
46.48,32.32,20.00,1.216,0.0,0.85599
46.51,32.34,20.00,1.217,0.0,0.85472
46.54,32.36,20.00,1.218,0.0,0.85347
46.57,32.38,20.00,1.219,0.0,0.85221
46.60,32.40,20.00,1.220,0.0,0.85096
46.63,32.42,20.00,1.221,0.0,0.84971
46.66,32.44,20.00,1.222,0.0,0.84846
46.69,32.46,20.00,1.223,0.0,0.84721
46.72,32.48,20.00,1.224,0.0,0.84597
46.75,32.50,20.00,1.225,0.0,0.84473
46.78,32.52,20.00,1.226,0.0,0.8435
46.81,32.54,20.00,1.227,0.0,0.84227
46.84,32.56,20.00,1.228,0.0,0.84104
46.87,32.58,20.00,1.229,0.0,0.83981
46.90,32.60,20.00,1.230,0.0,0.83859
46.93,32.62,20.00,1.231,0.0,0.83736
46.96,32.64,20.00,1.232,0.0,0.83615
46.99,32.66,20.00,1.233,0.0,0.83493
47.02,32.68,20.00,1.234,0.0,0.83372
47.05,32.70,20.00,1.235,0.0,0.83251
47.08,32.72,20.00,1.236,0.0,0.8313
47.11,32.74,20.00,1.237,0.0,0.8301
47.14,32.76,20.00,1.238,0.0,0.82889
47.17,32.78,20.00,1.239,0.0,0.82769
47.20,32.80,20.00,1.240,0.0,0.8265
47.23,32.82,20.00,1.241,0.0,0.82531
47.26,32.84,20.00,1.242,0.0,0.82411
47.29,32.86,20.00,1.243,0.0,0.82293
47.32,32.88,20.00,1.244,0.0,0.82174
47.35,32.90,20.00,1.245,0.0,0.82056
47.38,32.92,20.00,1.246,0.0,0.81938
47.41,32.94,20.00,1.247,0.0,0.8182
47.44,32.96,20.00,1.248,0.0,0.81703
47.47,32.98,20.00,1.249,0.0,0.81585
47.50,33.00,20.00,1.250,0.0,0.81468
47.53,33.02,20.00,1.251,0.0,0.81352
47.56,33.04,20.00,1.252,0.0,0.81235
47.59,33.06,20.00,1.253,0.0,0.81119
47.62,33.08,20.00,1.254,0.0,0.81003
47.65,33.10,20.00,1.255,0.0,0.80888
47.68,33.12,20.00,1.256,0.0,0.80772
47.71,33.14,20.00,1.257,0.0,0.80657
47.74,33.16,20.00,1.258,0.0,0.80542
47.77,33.18,20.00,1.259,0.0,0.80428
47.80,33.20,20.00,1.260,0.0,0.80313
47.83,33.22,20.00,1.261,0.0,0.80199
47.86,33.24,20.00,1.262,0.0,0.80085
47.89,33.26,20.00,1.263,0.0,0.79972
47.92,33.28,20.00,1.264,0.0,0.79858
47.95,33.30,20.00,1.265,0.0,0.79745
47.98,33.32,20.00,1.266,0.0,0.79632
48.01,33.34,20.00,1.267,0.0,0.7952
48.04,33.36,20.00,1.268,0.0,0.79407
48.07,33.38,20.00,1.269,0.0,0.79295
48.10,33.40,20.00,1.270,0.0,0.79183
48.13,33.42,20.00,1.271,0.0,0.79072
48.16,33.44,20.00,1.272,0.0,0.7896
48.19,33.46,20.00,1.273,0.0,0.78849
48.22,33.48,20.00,1.274,0.0,0.78738
48.25,33.50,20.00,1.275,0.0,0.78627
48.28,33.52,20.00,1.276,0.0,0.78517
48.31,33.54,20.00,1.277,0.0,0.78407
48.34,33.56,20.00,1.278,0.0,0.78297
48.37,33.58,20.00,1.279,0.0,0.78187
48.40,33.60,20.00,1.280,0.0,0.78077
48.43,33.62,20.00,1.281,0.0,0.77968
48.46,33.64,20.00,1.282,0.0,0.77859
48.49,33.66,20.00,1.283,0.0,0.7775
48.52,33.68,20.00,1.284,0.0,0.77642
48.55,33.70,20.00,1.285,0.0,0.77533
48.58,33.72,20.00,1.286,0.0,0.77425
48.61,33.74,20.00,1.287,0.0,0.77317
48.64,33.76,20.00,1.288,0.0,0.7721
48.67,33.78,20.00,1.289,0.0,0.77102
48.70,33.80,20.00,1.290,0.0,0.76995
48.73,33.82,20.00,1.291,0.0,0.76888
48.76,33.84,20.00,1.292,0.0,0.76781
48.79,33.86,20.00,1.293,0.0,0.76675
48.82,33.88,20.00,1.294,0.0,0.76568
48.85,33.90,20.00,1.295,0.0,0.76462
48.88,33.92,20.00,1.296,0.0,0.76356
48.91,33.94,20.00,1.297,0.0,0.76251
48.94,33.96,20.00,1.298,0.0,0.76145
48.97,33.98,20.00,1.299,0.0,0.7604
49.00,34.00,20.00,1.300,0.0,0.75935
49.03,34.02,20.00,1.301,0.0,0.7583
49.06,34.04,20.00,1.302,0.0,0.75726
49.09,34.06,20.00,1.303,0.0,0.75621
49.12,34.08,20.00,1.304,0.0,0.75517
49.15,34.10,20.00,1.305,0.0,0.75413
49.18,34.12,20.00,1.306,0.0,0.7531
49.21,34.14,20.00,1.307,0.0,0.75206
49.24,34.16,20.00,1.308,0.0,0.75103
49.27,34.18,20.00,1.309,0.0,0.75
49.30,34.20,20.00,1.310,0.0,0.74897
49.33,34.22,20.00,1.311,0.0,0.74794
49.36,34.24,20.00,1.312,0.0,0.74692
49.39,34.26,20.00,1.313,0.0,0.74589
49.42,34.28,20.00,1.314,0.0,0.74487
49.45,34.30,20.00,1.315,0.0,0.74386
49.48,34.32,20.00,1.316,0.0,0.74284
49.51,34.34,20.00,1.317,0.0,0.74183
49.54,34.36,20.00,1.318,0.0,0.74081
49.57,34.38,20.00,1.319,0.0,0.7398
49.60,34.40,20.00,1.320,0.0,0.73879
49.63,34.42,20.00,1.321,0.0,0.73779
49.66,34.44,20.00,1.322,0.0,0.73678
49.69,34.46,20.00,1.323,0.0,0.73578
49.72,34.48,20.00,1.324,0.0,0.73478
49.75,34.50,20.00,1.325,0.0,0.73378
49.78,34.52,20.00,1.326,0.0,0.73279
49.81,34.54,20.00,1.327,0.0,0.73179
49.84,34.56,20.00,1.328,0.0,0.7308
49.87,34.58,20.00,1.329,0.0,0.72981
49.90,34.60,20.00,1.330,0.0,0.72882
49.93,34.62,20.00,1.331,0.0,0.72784
49.96,34.64,20.00,1.332,0.0,0.72685
49.99,34.66,20.00,1.333,0.0,0.72587
50.02,34.68,20.00,1.334,0.0,0.72489
50.05,34.70,20.00,1.335,0.0,0.72391
50.08,34.72,20.00,1.336,0.0,0.72293
50.11,34.74,20.00,1.337,0.0,0.72196
50.14,34.76,20.00,1.338,0.0,0.72099
50.17,34.78,20.00,1.339,0.0,0.72002
50.20,34.80,20.00,1.340,0.0,0.71905
50.23,34.82,20.00,1.341,0.0,0.71808
50.26,34.84,20.00,1.342,0.0,0.71711
50.29,34.86,20.00,1.343,0.0,0.71615
50.32,34.88,20.00,1.344,0.0,0.71519
50.35,34.90,20.00,1.345,0.0,0.71423
50.38,34.92,20.00,1.346,0.0,0.71327
50.41,34.94,20.00,1.347,0.0,0.71232
50.44,34.96,20.00,1.348,0.0,0.71136
50.47,34.98,20.00,1.349,0.0,0.71041
50.50,35.00,20.00,1.350,0.0,0.70946
50.53,35.02,20.00,1.351,0.0,0.70851
50.56,35.04,20.00,1.352,0.0,0.70756
50.59,35.06,20.00,1.353,0.0,0.70662
50.62,35.08,20.00,1.354,0.0,0.70567
50.65,35.10,20.00,1.355,0.0,0.70473
50.68,35.12,20.00,1.356,0.0,0.70379
50.71,35.14,20.00,1.357,0.0,0.70286
50.74,35.16,20.00,1.358,0.0,0.70192
50.77,35.18,20.00,1.359,0.0,0.70099
50.80,35.20,20.00,1.360,0.0,0.70005
50.83,35.22,20.00,1.361,0.0,0.69912
50.86,35.24,20.00,1.362,0.0,0.69819
50.89,35.26,20.00,1.363,0.0,0.69727
50.92,35.28,20.00,1.364,0.0,0.69634
50.95,35.30,20.00,1.365,0.0,0.69542
50.98,35.32,20.00,1.366,0.0,0.69449
51.01,35.34,20.00,1.367,0.0,0.69357
51.04,35.36,20.00,1.368,0.0,0.69266
51.07,35.38,20.00,1.369,0.0,0.69174
51.10,35.40,20.00,1.370,0.0,0.69082
51.13,35.42,20.00,1.371,0.0,0.68991
51.16,35.44,20.00,1.372,0.0,0.689
51.19,35.46,20.00,1.373,0.0,0.68809
51.22,35.48,20.00,1.374,0.0,0.68718
51.25,35.50,20.00,1.375,0.0,0.68627
51.28,35.52,20.00,1.376,0.0,0.68537
51.31,35.54,20.00,1.377,0.0,0.68446
51.34,35.56,20.00,1.378,0.0,0.68356
51.37,35.58,20.00,1.379,0.0,0.68266
51.40,35.60,20.00,1.380,0.0,0.68176
51.43,35.62,20.00,1.381,0.0,0.68087
51.46,35.64,20.00,1.382,0.0,0.67997
51.49,35.66,20.00,1.383,0.0,0.67908
51.52,35.68,20.00,1.384,0.0,0.67819
51.55,35.70,20.00,1.385,0.0,0.6773
51.58,35.72,20.00,1.386,0.0,0.67641
51.61,35.74,20.00,1.387,0.0,0.67552
51.64,35.76,20.00,1.388,0.0,0.67464
51.67,35.78,20.00,1.389,0.0,0.67375
51.70,35.80,20.00,1.390,0.0,0.67287
51.73,35.82,20.00,1.391,0.0,0.67199
51.76,35.84,20.00,1.392,0.0,0.67111
51.79,35.86,20.00,1.393,0.0,0.67023
51.82,35.88,20.00,1.394,0.0,0.66936
51.85,35.90,20.00,1.395,0.0,0.66848
51.88,35.92,20.00,1.396,0.0,0.66761
51.91,35.94,20.00,1.397,0.0,0.66674
51.94,35.96,20.00,1.398,0.0,0.66587
51.97,35.98,20.00,1.399,0.0,0.665
52.00,36.00,20.00,1.400,0.0,0.66414
52.03,36.02,20.00,1.401,0.0,0.66327
52.06,36.04,20.00,1.402,0.0,0.66241
52.09,36.06,20.00,1.403,0.0,0.66155
52.12,36.08,20.00,1.404,0.0,0.66069
52.15,36.10,20.00,1.405,0.0,0.65983
52.18,36.12,20.00,1.406,0.0,0.65897
52.21,36.14,20.00,1.407,0.0,0.65812
52.24,36.16,20.00,1.408,0.0,0.65726
52.27,36.18,20.00,1.409,0.0,0.65641
52.30,36.20,20.00,1.410,0.0,0.65556
52.33,36.22,20.00,1.411,0.0,0.65471
52.36,36.24,20.00,1.412,0.0,0.65386
52.39,36.26,20.00,1.413,0.0,0.65301
52.42,36.28,20.00,1.414,0.0,0.65217
52.45,36.30,20.00,1.415,0.0,0.65132
52.48,36.32,20.00,1.416,0.0,0.65048
52.51,36.34,20.00,1.417,0.0,0.64964
52.54,36.36,20.00,1.418,0.0,0.6488
52.57,36.38,20.00,1.419,0.0,0.64797
52.60,36.40,20.00,1.420,0.0,0.64713
52.63,36.42,20.00,1.421,0.0,0.64629
52.66,36.44,20.00,1.422,0.0,0.64546
52.69,36.46,20.00,1.423,0.0,0.64463
52.72,36.48,20.00,1.424,0.0,0.6438
52.75,36.50,20.00,1.425,0.0,0.64297
52.78,36.52,20.00,1.426,0.0,0.64214
52.81,36.54,20.00,1.427,0.0,0.64132
52.84,36.56,20.00,1.428,0.0,0.64049
52.87,36.58,20.00,1.429,0.0,0.63967
52.90,36.60,20.00,1.430,0.0,0.63885
52.93,36.62,20.00,1.431,0.0,0.63803
52.96,36.64,20.00,1.432,0.0,0.63721
52.99,36.66,20.00,1.433,0.0,0.63639
53.02,36.68,20.00,1.434,0.0,0.63557
53.05,36.70,20.00,1.435,0.0,0.63476
53.08,36.72,20.00,1.436,0.0,0.63395
53.11,36.74,20.00,1.437,0.0,0.63313
53.14,36.76,20.00,1.438,0.0,0.63232
53.17,36.78,20.00,1.439,0.0,0.63151
53.20,36.80,20.00,1.440,0.0,0.63071
53.23,36.82,20.00,1.441,0.0,0.6299
53.26,36.84,20.00,1.442,0.0,0.62909
53.29,36.86,20.00,1.443,0.0,0.62829
53.32,36.88,20.00,1.444,0.0,0.62749
53.35,36.90,20.00,1.445,0.0,0.62669
53.38,36.92,20.00,1.446,0.0,0.62589
53.41,36.94,20.00,1.447,0.0,0.62509
53.44,36.96,20.00,1.448,0.0,0.62429
53.47,36.98,20.00,1.449,0.0,0.6235
53.50,37.00,20.00,1.450,0.0,0.6227
53.53,37.02,20.00,1.451,0.0,0.62191
53.56,37.04,20.00,1.452,0.0,0.62112
53.59,37.06,20.00,1.453,0.0,0.62033
53.62,37.08,20.00,1.454,0.0,0.61954
53.65,37.10,20.00,1.455,0.0,0.61875
53.68,37.12,20.00,1.456,0.0,0.61797
53.71,37.14,20.00,1.457,0.0,0.61718
53.74,37.16,20.00,1.458,0.0,0.6164
53.77,37.18,20.00,1.459,0.0,0.61561
53.80,37.20,20.00,1.460,0.0,0.61483
53.83,37.22,20.00,1.461,0.0,0.61405
53.86,37.24,20.00,1.462,0.0,0.61328
53.89,37.26,20.00,1.463,0.0,0.6125
53.92,37.28,20.00,1.464,0.0,0.61172
53.95,37.30,20.00,1.465,0.0,0.61095
53.98,37.32,20.00,1.466,0.0,0.61017
54.01,37.34,20.00,1.467,0.0,0.6094
54.04,37.36,20.00,1.468,0.0,0.60863
54.07,37.38,20.00,1.469,0.0,0.60786
54.10,37.40,20.00,1.470,0.0,0.60709
54.13,37.42,20.00,1.471,0.0,0.60633
54.16,37.44,20.00,1.472,0.0,0.60556
54.19,37.46,20.00,1.473,0.0,0.6048
54.22,37.48,20.00,1.474,0.0,0.60403
54.25,37.50,20.00,1.475,0.0,0.60327
54.28,37.52,20.00,1.476,0.0,0.60251
54.31,37.54,20.00,1.477,0.0,0.60175
54.34,37.56,20.00,1.478,0.0,0.60099
54.37,37.58,20.00,1.479,0.0,0.60024
54.40,37.60,20.00,1.480,0.0,0.59948
54.43,37.62,20.00,1.481,0.0,0.59873
54.46,37.64,20.00,1.482,0.0,0.59797
54.49,37.66,20.00,1.483,0.0,0.59722
54.52,37.68,20.00,1.484,0.0,0.59647
54.55,37.70,20.00,1.485,0.0,0.59572
54.58,37.72,20.00,1.486,0.0,0.59497
54.61,37.74,20.00,1.487,0.0,0.59423
54.64,37.76,20.00,1.488,0.0,0.59348
54.67,37.78,20.00,1.489,0.0,0.59273
54.70,37.80,20.00,1.490,0.0,0.59199
54.73,37.82,20.00,1.491,0.0,0.59125
54.76,37.84,20.00,1.492,0.0,0.59051
54.79,37.86,20.00,1.493,0.0,0.58977
54.82,37.88,20.00,1.494,0.0,0.58903
54.85,37.90,20.00,1.495,0.0,0.58829
54.88,37.92,20.00,1.496,0.0,0.58755
54.91,37.94,20.00,1.497,0.0,0.58682
54.94,37.96,20.00,1.498,0.0,0.58608
54.97,37.98,20.00,1.499,0.0,0.58535
55.00,38.00,20.00,1.500,0.0,0.58462
55.03,38.02,20.00,1.501,0.0,0.58389
55.06,38.04,20.00,1.502,0.0,0.58316
55.09,38.06,20.00,1.503,0.0,0.58243
55.12,38.08,20.00,1.504,0.0,0.5817
55.15,38.10,20.00,1.505,0.0,0.58098
55.18,38.12,20.00,1.506,0.0,0.58025
55.21,38.14,20.00,1.507,0.0,0.57953
55.24,38.16,20.00,1.508,0.0,0.57881
55.27,38.18,20.00,1.509,0.0,0.57809
55.30,38.20,20.00,1.510,0.0,0.57737
55.33,38.22,20.00,1.511,0.0,0.57665
55.36,38.24,20.00,1.512,0.0,0.57593
55.39,38.26,20.00,1.513,0.0,0.57521
55.42,38.28,20.00,1.514,0.0,0.5745
55.45,38.30,20.00,1.515,0.0,0.57378
55.48,38.32,20.00,1.516,0.0,0.57307
55.51,38.34,20.00,1.517,0.0,0.57236
55.54,38.36,20.00,1.518,0.0,0.57164
55.57,38.38,20.00,1.519,0.0,0.57093
55.60,38.40,20.00,1.520,0.0,0.57023
55.63,38.42,20.00,1.521,0.0,0.56952
55.66,38.44,20.00,1.522,0.0,0.56881
55.69,38.46,20.00,1.523,0.0,0.5681
55.72,38.48,20.00,1.524,0.0,0.5674
55.75,38.50,20.00,1.525,0.0,0.5667
55.78,38.52,20.00,1.526,0.0,0.56599
55.81,38.54,20.00,1.527,0.0,0.56529
55.84,38.56,20.00,1.528,0.0,0.56459
55.87,38.58,20.00,1.529,0.0,0.56389
55.90,38.60,20.00,1.530,0.0,0.56319
55.93,38.62,20.00,1.531,0.0,0.5625
55.96,38.64,20.00,1.532,0.0,0.5618
55.99,38.66,20.00,1.533,0.0,0.56111
56.02,38.68,20.00,1.534,0.0,0.56041
56.05,38.70,20.00,1.535,0.0,0.55972
56.08,38.72,20.00,1.536,0.0,0.55903
56.11,38.74,20.00,1.537,0.0,0.55834
56.14,38.76,20.00,1.538,0.0,0.55765
56.17,38.78,20.00,1.539,0.0,0.55696
56.20,38.80,20.00,1.540,0.0,0.55627
56.23,38.82,20.00,1.541,0.0,0.55559
56.26,38.84,20.00,1.542,0.0,0.5549
56.29,38.86,20.00,1.543,0.0,0.55422
56.32,38.88,20.00,1.544,0.0,0.55353
56.35,38.90,20.00,1.545,0.0,0.55285
56.38,38.92,20.00,1.546,0.0,0.55217
56.41,38.94,20.00,1.547,0.0,0.55149
56.44,38.96,20.00,1.548,0.0,0.55081
56.47,38.98,20.00,1.549,0.0,0.55013
56.50,39.00,20.00,1.550,0.0,0.54945
56.53,39.02,20.00,1.551,0.0,0.54878
56.56,39.04,20.00,1.552,0.0,0.5481
56.59,39.06,20.00,1.553,0.0,0.54743
56.62,39.08,20.00,1.554,0.0,0.54676
56.65,39.10,20.00,1.555,0.0,0.54608
56.68,39.12,20.00,1.556,0.0,0.54541
56.71,39.14,20.00,1.557,0.0,0.54474
56.74,39.16,20.00,1.558,0.0,0.54407
56.77,39.18,20.00,1.559,0.0,0.54341
56.80,39.20,20.00,1.560,0.0,0.54274
56.83,39.22,20.00,1.561,0.0,0.54207
56.86,39.24,20.00,1.562,0.0,0.54141
56.89,39.26,20.00,1.563,0.0,0.54074
56.92,39.28,20.00,1.564,0.0,0.54008
56.95,39.30,20.00,1.565,0.0,0.53942
56.98,39.32,20.00,1.566,0.0,0.53876
57.01,39.34,20.00,1.567,0.0,0.5381
57.04,39.36,20.00,1.568,0.0,0.53744
57.07,39.38,20.00,1.569,0.0,0.53678
57.10,39.40,20.00,1.570,0.0,0.53612
57.13,39.42,20.00,1.571,0.0,0.53547
57.16,39.44,20.00,1.572,0.0,0.53481
57.19,39.46,20.00,1.573,0.0,0.53416
57.22,39.48,20.00,1.574,0.0,0.5335
57.25,39.50,20.00,1.575,0.0,0.53285
57.28,39.52,20.00,1.576,0.0,0.5322
57.31,39.54,20.00,1.577,0.0,0.53155
57.34,39.56,20.00,1.578,0.0,0.5309
57.37,39.58,20.00,1.579,0.0,0.53025
57.40,39.60,20.00,1.580,0.0,0.52961
57.43,39.62,20.00,1.581,0.0,0.52896
57.46,39.64,20.00,1.582,0.0,0.52831
57.49,39.66,20.00,1.583,0.0,0.52767
57.52,39.68,20.00,1.584,0.0,0.52702
57.55,39.70,20.00,1.585,0.0,0.52638
57.58,39.72,20.00,1.586,0.0,0.52574
57.61,39.74,20.00,1.587,0.0,0.5251
57.64,39.76,20.00,1.588,0.0,0.52446
57.67,39.78,20.00,1.589,0.0,0.52382
57.70,39.80,20.00,1.590,0.0,0.52318
57.73,39.82,20.00,1.591,0.0,0.52255
57.76,39.84,20.00,1.592,0.0,0.52191
57.79,39.86,20.00,1.593,0.0,0.52127
57.82,39.88,20.00,1.594,0.0,0.52064
57.85,39.90,20.00,1.595,0.0,0.52001
57.88,39.92,20.00,1.596,0.0,0.51937
57.91,39.94,20.00,1.597,0.0,0.51874
57.94,39.96,20.00,1.598,0.0,0.51811
57.97,39.98,20.00,1.599,0.0,0.51748
58.00,40.00,20.00,1.600,0.0,0.51685
58.03,40.02,20.00,1.601,0.0,0.51622
58.06,40.04,20.00,1.602,0.0,0.5156
58.09,40.06,20.00,1.603,0.0,0.51497
58.12,40.08,20.00,1.604,0.0,0.51435
58.15,40.10,20.00,1.605,0.0,0.51372
58.18,40.12,20.00,1.606,0.0,0.5131
58.21,40.14,20.00,1.607,0.0,0.51248
58.24,40.16,20.00,1.608,0.0,0.51185
58.27,40.18,20.00,1.609,0.0,0.51123
58.30,40.20,20.00,1.610,0.0,0.51061
58.33,40.22,20.00,1.611,0.0,0.50999
58.36,40.24,20.00,1.612,0.0,0.50938
58.39,40.26,20.00,1.613,0.0,0.50876
58.42,40.28,20.00,1.614,0.0,0.50814
58.45,40.30,20.00,1.615,0.0,0.50753
58.48,40.32,20.00,1.616,0.0,0.50691
58.51,40.34,20.00,1.617,0.0,0.5063
58.54,40.36,20.00,1.618,0.0,0.50569
58.57,40.38,20.00,1.619,0.0,0.50507
58.60,40.40,20.00,1.620,0.0,0.50446
58.63,40.42,20.00,1.621,0.0,0.50385
58.66,40.44,20.00,1.622,0.0,0.50324
58.69,40.46,20.00,1.623,0.0,0.50263
58.72,40.48,20.00,1.624,0.0,0.50203
58.75,40.50,20.00,1.625,0.0,0.50142
58.78,40.52,20.00,1.626,0.0,0.50081
58.81,40.54,20.00,1.627,0.0,0.50021
58.84,40.56,20.00,1.628,0.0,0.4996
58.87,40.58,20.00,1.629,0.0,0.499
58.90,40.60,20.00,1.630,0.0,0.4984
58.93,40.62,20.00,1.631,0.0,0.4978
58.96,40.64,20.00,1.632,0.0,0.4972
58.99,40.66,20.00,1.633,0.0,0.4966
59.02,40.68,20.00,1.634,0.0,0.496
59.05,40.70,20.00,1.635,0.0,0.4954
59.08,40.72,20.00,1.636,0.0,0.4948
59.11,40.74,20.00,1.637,0.0,0.4942
59.14,40.76,20.00,1.638,0.0,0.49361
59.17,40.78,20.00,1.639,0.0,0.49301
59.20,40.80,20.00,1.640,0.0,0.49242
59.23,40.82,20.00,1.641,0.0,0.49183
59.26,40.84,20.00,1.642,0.0,0.49123
59.29,40.86,20.00,1.643,0.0,0.49064
59.32,40.88,20.00,1.644,0.0,0.49005
59.35,40.90,20.00,1.645,0.0,0.48946
59.38,40.92,20.00,1.646,0.0,0.48887
59.41,40.94,20.00,1.647,0.0,0.48828
59.44,40.96,20.00,1.648,0.0,0.4877
59.47,40.98,20.00,1.649,0.0,0.48711
59.50,41.00,20.00,1.650,0.0,0.48652
59.53,41.02,20.00,1.651,0.0,0.48594
59.56,41.04,20.00,1.652,0.0,0.48535
59.59,41.06,20.00,1.653,0.0,0.48477
59.62,41.08,20.00,1.654,0.0,0.48419
59.65,41.10,20.00,1.655,0.0,0.4836
59.68,41.12,20.00,1.656,0.0,0.48302
59.71,41.14,20.00,1.657,0.0,0.48244
59.74,41.16,20.00,1.658,0.0,0.48186
59.77,41.18,20.00,1.659,0.0,0.48128
59.80,41.20,20.00,1.660,0.0,0.48071
59.83,41.22,20.00,1.661,0.0,0.48013
59.86,41.24,20.00,1.662,0.0,0.47955
59.89,41.26,20.00,1.663,0.0,0.47898
59.92,41.28,20.00,1.664,0.0,0.4784
59.95,41.30,20.00,1.665,0.0,0.47783
59.98,41.32,20.00,1.666,0.0,0.47726
60.01,41.34,20.00,1.667,0.0,0.47668
60.04,41.36,20.00,1.668,0.0,0.47611
60.07,41.38,20.00,1.669,0.0,0.47554
60.10,41.40,20.00,1.670,0.0,0.47497
60.13,41.42,20.00,1.671,0.0,0.4744
60.16,41.44,20.00,1.672,0.0,0.47383
60.19,41.46,20.00,1.673,0.0,0.47327
60.22,41.48,20.00,1.674,0.0,0.4727
60.25,41.50,20.00,1.675,0.0,0.47213
60.28,41.52,20.00,1.676,0.0,0.47157
60.31,41.54,20.00,1.677,0.0,0.471
60.34,41.56,20.00,1.678,0.0,0.47044
60.37,41.58,20.00,1.679,0.0,0.46987
60.40,41.60,20.00,1.680,0.0,0.46931
60.43,41.62,20.00,1.681,0.0,0.46875
60.46,41.64,20.00,1.682,0.0,0.46819
60.49,41.66,20.00,1.683,0.0,0.46763
60.52,41.68,20.00,1.684,0.0,0.46707
60.55,41.70,20.00,1.685,0.0,0.46651
60.58,41.72,20.00,1.686,0.0,0.46595
60.61,41.74,20.00,1.687,0.0,0.4654
60.64,41.76,20.00,1.688,0.0,0.46484
60.67,41.78,20.00,1.689,0.0,0.46428
60.70,41.80,20.00,1.690,0.0,0.46373
60.73,41.82,20.00,1.691,0.0,0.46318
60.76,41.84,20.00,1.692,0.0,0.46262
60.79,41.86,20.00,1.693,0.0,0.46207
60.82,41.88,20.00,1.694,0.0,0.46152
60.85,41.90,20.00,1.695,0.0,0.46097
60.88,41.92,20.00,1.696,0.0,0.46042
60.91,41.94,20.00,1.697,0.0,0.45987
60.94,41.96,20.00,1.698,0.0,0.45932
60.97,41.98,20.00,1.699,0.0,0.45877
61.00,42.00,20.00,1.700,0.0,0.45822
61.03,42.02,20.00,1.701,0.0,0.45767
61.06,42.04,20.00,1.702,0.0,0.45713
61.09,42.06,20.00,1.703,0.0,0.45658
61.12,42.08,20.00,1.704,0.0,0.45604
61.15,42.10,20.00,1.705,0.0,0.45549
61.18,42.12,20.00,1.706,0.0,0.45495
61.21,42.14,20.00,1.707,0.0,0.45441
61.24,42.16,20.00,1.708,0.0,0.45387
61.27,42.18,20.00,1.709,0.0,0.45333
61.30,42.20,20.00,1.710,0.0,0.45279
61.33,42.22,20.00,1.711,0.0,0.45225
61.36,42.24,20.00,1.712,0.0,0.45171
61.39,42.26,20.00,1.713,0.0,0.45117
61.42,42.28,20.00,1.714,0.0,0.45063
61.45,42.30,20.00,1.715,0.0,0.4501
61.48,42.32,20.00,1.716,0.0,0.44956
61.51,42.34,20.00,1.717,0.0,0.44902
61.54,42.36,20.00,1.718,0.0,0.44849
61.57,42.38,20.00,1.719,0.0,0.44796
61.60,42.40,20.00,1.720,0.0,0.44742
61.63,42.42,20.00,1.721,0.0,0.44689
61.66,42.44,20.00,1.722,0.0,0.44636
61.69,42.46,20.00,1.723,0.0,0.44583
61.72,42.48,20.00,1.724,0.0,0.4453
61.75,42.50,20.00,1.725,0.0,0.44477
61.78,42.52,20.00,1.726,0.0,0.44424
61.81,42.54,20.00,1.727,0.0,0.44371
61.84,42.56,20.00,1.728,0.0,0.44318
61.87,42.58,20.00,1.729,0.0,0.44265
61.90,42.60,20.00,1.730,0.0,0.44213
61.93,42.62,20.00,1.731,0.0,0.4416
61.96,42.64,20.00,1.732,0.0,0.44108
61.99,42.66,20.00,1.733,0.0,0.44055
62.02,42.68,20.00,1.734,0.0,0.44003
62.05,42.70,20.00,1.735,0.0,0.43951
62.08,42.72,20.00,1.736,0.0,0.43898
62.11,42.74,20.00,1.737,0.0,0.43846
62.14,42.76,20.00,1.738,0.0,0.43794
62.17,42.78,20.00,1.739,0.0,0.43742
62.20,42.80,20.00,1.740,0.0,0.4369
62.23,42.82,20.00,1.741,0.0,0.43638
62.26,42.84,20.00,1.742,0.0,0.43587
62.29,42.86,20.00,1.743,0.0,0.43535
62.32,42.88,20.00,1.744,0.0,0.43483
62.35,42.90,20.00,1.745,0.0,0.43432
62.38,42.92,20.00,1.746,0.0,0.4338
62.41,42.94,20.00,1.747,0.0,0.43329
62.44,42.96,20.00,1.748,0.0,0.43277
62.47,42.98,20.00,1.749,0.0,0.43226
62.50,43.00,20.00,1.750,0.0,0.43174
62.53,43.02,20.00,1.751,0.0,0.43123
62.56,43.04,20.00,1.752,0.0,0.43072
62.59,43.06,20.00,1.753,0.0,0.43021
62.62,43.08,20.00,1.754,0.0,0.4297
62.65,43.10,20.00,1.755,0.0,0.42919
62.68,43.12,20.00,1.756,0.0,0.42868
62.71,43.14,20.00,1.757,0.0,0.42817
62.74,43.16,20.00,1.758,0.0,0.42767
62.77,43.18,20.00,1.759,0.0,0.42716
62.80,43.20,20.00,1.760,0.0,0.42665
62.83,43.22,20.00,1.761,0.0,0.42615
62.86,43.24,20.00,1.762,0.0,0.42564
62.89,43.26,20.00,1.763,0.0,0.42514
62.92,43.28,20.00,1.764,0.0,0.42463
62.95,43.30,20.00,1.765,0.0,0.42413
62.98,43.32,20.00,1.766,0.0,0.42363
63.01,43.34,20.00,1.767,0.0,0.42313
63.04,43.36,20.00,1.768,0.0,0.42262
63.07,43.38,20.00,1.769,0.0,0.42212
63.10,43.40,20.00,1.770,0.0,0.42162
63.13,43.42,20.00,1.771,0.0,0.42113
63.16,43.44,20.00,1.772,0.0,0.42063
63.19,43.46,20.00,1.773,0.0,0.42013
63.22,43.48,20.00,1.774,0.0,0.41963
63.25,43.50,20.00,1.775,0.0,0.41913
63.28,43.52,20.00,1.776,0.0,0.41864
63.31,43.54,20.00,1.777,0.0,0.41814
63.34,43.56,20.00,1.778,0.0,0.41765
63.37,43.58,20.00,1.779,0.0,0.41715
63.40,43.60,20.00,1.780,0.0,0.41666
63.43,43.62,20.00,1.781,0.0,0.41617
63.46,43.64,20.00,1.782,0.0,0.41567
63.49,43.66,20.00,1.783,0.0,0.41518
63.52,43.68,20.00,1.784,0.0,0.41469
63.55,43.70,20.00,1.785,0.0,0.4142
63.58,43.72,20.00,1.786,0.0,0.41371
63.61,43.74,20.00,1.787,0.0,0.41322
63.64,43.76,20.00,1.788,0.0,0.41273
63.67,43.78,20.00,1.789,0.0,0.41225
63.70,43.80,20.00,1.790,0.0,0.41176
63.73,43.82,20.00,1.791,0.0,0.41127
63.76,43.84,20.00,1.792,0.0,0.41079
63.79,43.86,20.00,1.793,0.0,0.4103
63.82,43.88,20.00,1.794,0.0,0.40981
63.85,43.90,20.00,1.795,0.0,0.40933
63.88,43.92,20.00,1.796,0.0,0.40885
63.91,43.94,20.00,1.797,0.0,0.40836
63.94,43.96,20.00,1.798,0.0,0.40788
63.97,43.98,20.00,1.799,0.0,0.4074
64.00,44.00,20.00,1.800,0.0,0.40692
64.03,44.02,20.00,1.801,0.0,0.40644
64.06,44.04,20.00,1.802,0.0,0.40596
64.09,44.06,20.00,1.803,0.0,0.40548
64.12,44.08,20.00,1.804,0.0,0.405
64.15,44.10,20.00,1.805,0.0,0.40452
64.18,44.12,20.00,1.806,0.0,0.40404
64.21,44.14,20.00,1.807,0.0,0.40356
64.24,44.16,20.00,1.808,0.0,0.40309
64.27,44.18,20.00,1.809,0.0,0.40261
64.30,44.20,20.00,1.810,0.0,0.40214
64.33,44.22,20.00,1.811,0.0,0.40166
64.36,44.24,20.00,1.812,0.0,0.40119
64.39,44.26,20.00,1.813,0.0,0.40071
64.42,44.28,20.00,1.814,0.0,0.40024
64.45,44.30,20.00,1.815,0.0,0.39977
64.48,44.32,20.00,1.816,0.0,0.3993
64.51,44.34,20.00,1.817,0.0,0.39882
64.54,44.36,20.00,1.818,0.0,0.39835
64.57,44.38,20.00,1.819,0.0,0.39788
64.60,44.40,20.00,1.820,0.0,0.39741
64.63,44.42,20.00,1.821,0.0,0.39694
64.66,44.44,20.00,1.822,0.0,0.39648
64.69,44.46,20.00,1.823,0.0,0.39601
64.72,44.48,20.00,1.824,0.0,0.39554
64.75,44.50,20.00,1.825,0.0,0.39507
64.78,44.52,20.00,1.826,0.0,0.39461
64.81,44.54,20.00,1.827,0.0,0.39414
64.84,44.56,20.00,1.828,0.0,0.39368
64.87,44.58,20.00,1.829,0.0,0.39321
64.90,44.60,20.00,1.830,0.0,0.39275
64.93,44.62,20.00,1.831,0.0,0.39229
64.96,44.64,20.00,1.832,0.0,0.39182
64.99,44.66,20.00,1.833,0.0,0.39136
65.02,44.68,20.00,1.834,0.0,0.3909
65.05,44.70,20.00,1.835,0.0,0.39044
65.08,44.72,20.00,1.836,0.0,0.38998
65.11,44.74,20.00,1.837,0.0,0.38952
65.14,44.76,20.00,1.838,0.0,0.38906
65.17,44.78,20.00,1.839,0.0,0.3886
65.20,44.80,20.00,1.840,0.0,0.38814
65.23,44.82,20.00,1.841,0.0,0.38768
65.26,44.84,20.00,1.842,0.0,0.38723
65.29,44.86,20.00,1.843,0.0,0.38677
65.32,44.88,20.00,1.844,0.0,0.38631
65.35,44.90,20.00,1.845,0.0,0.38586
65.38,44.92,20.00,1.846,0.0,0.3854
65.41,44.94,20.00,1.847,0.0,0.38495
65.44,44.96,20.00,1.848,0.0,0.38449
65.47,44.98,20.00,1.849,0.0,0.38404
65.50,45.00,20.00,1.850,0.0,0.38359
65.53,45.02,20.00,1.851,0.0,0.38314
65.56,45.04,20.00,1.852,0.0,0.38268
65.59,45.06,20.00,1.853,0.0,0.38223
65.62,45.08,20.00,1.854,0.0,0.38178
65.65,45.10,20.00,1.855,0.0,0.38133
65.68,45.12,20.00,1.856,0.0,0.38088
65.71,45.14,20.00,1.857,0.0,0.38043
65.74,45.16,20.00,1.858,0.0,0.37999
65.77,45.18,20.00,1.859,0.0,0.37954
65.80,45.20,20.00,1.860,0.0,0.37909
65.83,45.22,20.00,1.861,0.0,0.37864
65.86,45.24,20.00,1.862,0.0,0.3782
65.89,45.26,20.00,1.863,0.0,0.37775
65.92,45.28,20.00,1.864,0.0,0.37731
65.95,45.30,20.00,1.865,0.0,0.37686
65.98,45.32,20.00,1.866,0.0,0.37642
66.01,45.34,20.00,1.867,0.0,0.37597
66.04,45.36,20.00,1.868,0.0,0.37553
66.07,45.38,20.00,1.869,0.0,0.37509
66.10,45.40,20.00,1.870,0.0,0.37465
66.13,45.42,20.00,1.871,0.0,0.37421
66.16,45.44,20.00,1.872,0.0,0.37376
66.19,45.46,20.00,1.873,0.0,0.37332
66.22,45.48,20.00,1.874,0.0,0.37288
66.25,45.50,20.00,1.875,0.0,0.37245
66.28,45.52,20.00,1.876,0.0,0.37201
66.31,45.54,20.00,1.877,0.0,0.37157
66.34,45.56,20.00,1.878,0.0,0.37113
66.37,45.58,20.00,1.879,0.0,0.37069
66.40,45.60,20.00,1.880,0.0,0.37026
66.43,45.62,20.00,1.881,0.0,0.36982
66.46,45.64,20.00,1.882,0.0,0.36938
66.49,45.66,20.00,1.883,0.0,0.36895
66.52,45.68,20.00,1.884,0.0,0.36851
66.55,45.70,20.00,1.885,0.0,0.36808
66.58,45.72,20.00,1.886,0.0,0.36765
66.61,45.74,20.00,1.887,0.0,0.36721
66.64,45.76,20.00,1.888,0.0,0.36678
66.67,45.78,20.00,1.889,0.0,0.36635
66.70,45.80,20.00,1.890,0.0,0.36592
66.73,45.82,20.00,1.891,0.0,0.36549
66.76,45.84,20.00,1.892,0.0,0.36506
66.79,45.86,20.00,1.893,0.0,0.36463
66.82,45.88,20.00,1.894,0.0,0.3642
66.85,45.90,20.00,1.895,0.0,0.36377
66.88,45.92,20.00,1.896,0.0,0.36334
66.91,45.94,20.00,1.897,0.0,0.36291
66.94,45.96,20.00,1.898,0.0,0.36248
66.97,45.98,20.00,1.899,0.0,0.36206
67.00,46.00,20.00,1.900,0.0,0.36163
67.03,46.02,20.00,1.901,0.0,0.3612
67.06,46.04,20.00,1.902,0.0,0.36078
67.09,46.06,20.00,1.903,0.0,0.36035
67.12,46.08,20.00,1.904,0.0,0.35993
67.15,46.10,20.00,1.905,0.0,0.3595
67.18,46.12,20.00,1.906,0.0,0.35908
67.21,46.14,20.00,1.907,0.0,0.35866
67.24,46.16,20.00,1.908,0.0,0.35824
67.27,46.18,20.00,1.909,0.0,0.35781
67.30,46.20,20.00,1.910,0.0,0.35739
67.33,46.22,20.00,1.911,0.0,0.35697
67.36,46.24,20.00,1.912,0.0,0.35655
67.39,46.26,20.00,1.913,0.0,0.35613
67.42,46.28,20.00,1.914,0.0,0.35571
67.45,46.30,20.00,1.915,0.0,0.35529
67.48,46.32,20.00,1.916,0.0,0.35487
67.51,46.34,20.00,1.917,0.0,0.35445
67.54,46.36,20.00,1.918,0.0,0.35404
67.57,46.38,20.00,1.919,0.0,0.35362
67.60,46.40,20.00,1.920,0.0,0.3532
67.63,46.42,20.00,1.921,0.0,0.35279
67.66,46.44,20.00,1.922,0.0,0.35237
67.69,46.46,20.00,1.923,0.0,0.35196
67.72,46.48,20.00,1.924,0.0,0.35154
67.75,46.50,20.00,1.925,0.0,0.35113
67.78,46.52,20.00,1.926,0.0,0.35071
67.81,46.54,20.00,1.927,0.0,0.3503
67.84,46.56,20.00,1.928,0.0,0.34989
67.87,46.58,20.00,1.929,0.0,0.34948
67.90,46.60,20.00,1.930,0.0,0.34906
67.93,46.62,20.00,1.931,0.0,0.34865
67.96,46.64,20.00,1.932,0.0,0.34824
67.99,46.66,20.00,1.933,0.0,0.34783
68.02,46.68,20.00,1.934,0.0,0.34742
68.05,46.70,20.00,1.935,0.0,0.34701
68.08,46.72,20.00,1.936,0.0,0.3466
68.11,46.74,20.00,1.937,0.0,0.34619
68.14,46.76,20.00,1.938,0.0,0.34579
68.17,46.78,20.00,1.939,0.0,0.34538
68.20,46.80,20.00,1.940,0.0,0.34497
68.23,46.82,20.00,1.941,0.0,0.34456
68.26,46.84,20.00,1.942,0.0,0.34416
68.29,46.86,20.00,1.943,0.0,0.34375
68.32,46.88,20.00,1.944,0.0,0.34335
68.35,46.90,20.00,1.945,0.0,0.34294
68.38,46.92,20.00,1.946,0.0,0.34254
68.41,46.94,20.00,1.947,0.0,0.34213
68.44,46.96,20.00,1.948,0.0,0.34173
68.47,46.98,20.00,1.949,0.0,0.34133
68.50,47.00,20.00,1.950,0.0,0.34093
68.53,47.02,20.00,1.951,0.0,0.34052
68.56,47.04,20.00,1.952,0.0,0.34012
68.59,47.06,20.00,1.953,0.0,0.33972
68.62,47.08,20.00,1.954,0.0,0.33932
68.65,47.10,20.00,1.955,0.0,0.33892
68.68,47.12,20.00,1.956,0.0,0.33852
68.71,47.14,20.00,1.957,0.0,0.33812
68.74,47.16,20.00,1.958,0.0,0.33772
68.77,47.18,20.00,1.959,0.0,0.33732
68.80,47.20,20.00,1.960,0.0,0.33693
68.83,47.22,20.00,1.961,0.0,0.33653
68.86,47.24,20.00,1.962,0.0,0.33613
68.89,47.26,20.00,1.963,0.0,0.33574
68.92,47.28,20.00,1.964,0.0,0.33534
68.95,47.30,20.00,1.965,0.0,0.33494
68.98,47.32,20.00,1.966,0.0,0.33455
69.01,47.34,20.00,1.967,0.0,0.33415
69.04,47.36,20.00,1.968,0.0,0.33376
69.07,47.38,20.00,1.969,0.0,0.33337
69.10,47.40,20.00,1.970,0.0,0.33297
69.13,47.42,20.00,1.971,0.0,0.33258
69.16,47.44,20.00,1.972,0.0,0.33219
69.19,47.46,20.00,1.973,0.0,0.3318
69.22,47.48,20.00,1.974,0.0,0.3314
69.25,47.50,20.00,1.975,0.0,0.33101
69.28,47.52,20.00,1.976,0.0,0.33062
69.31,47.54,20.00,1.977,0.0,0.33023
69.34,47.56,20.00,1.978,0.0,0.32984
69.37,47.58,20.00,1.979,0.0,0.32945
69.40,47.60,20.00,1.980,0.0,0.32906
69.43,47.62,20.00,1.981,0.0,0.32868
69.46,47.64,20.00,1.982,0.0,0.32829
69.49,47.66,20.00,1.983,0.0,0.3279
69.52,47.68,20.00,1.984,0.0,0.32751
69.55,47.70,20.00,1.985,0.0,0.32713
69.58,47.72,20.00,1.986,0.0,0.32674
69.61,47.74,20.00,1.987,0.0,0.32635
69.64,47.76,20.00,1.988,0.0,0.32597
69.67,47.78,20.00,1.989,0.0,0.32558
69.70,47.80,20.00,1.990,0.0,0.3252
69.73,47.82,20.00,1.991,0.0,0.32482
69.76,47.84,20.00,1.992,0.0,0.32443
69.79,47.86,20.00,1.993,0.0,0.32405
69.82,47.88,20.00,1.994,0.0,0.32367
69.85,47.90,20.00,1.995,0.0,0.32328
69.88,47.92,20.00,1.996,0.0,0.3229
69.91,47.94,20.00,1.997,0.0,0.32252
69.94,47.96,20.00,1.998,0.0,0.32214
69.97,47.98,20.00,1.999,0.0,0.32176
